Temperature,Humidity,CO2,Illumination,Time,Growth_rate
20.19741551014996,46.47280285072738,586.6011535271275,118.15893914289843,8.558653435941107,1.3478762184904842
