Temperature,Humidity,CO2,Illumination,Time,Growth_rate
23.45267062215241,63.4715064092501,1164.0408973432932,232.93332524285722,8.170132791625559,1.3644444444444441
