Temperature,Humidity,CO2,Illumination,Time,Growth_rate
27.50168362995834,61.95503514502454,832.9155351988466,112.08721250744597,11.490949976474782,1.3644511412482474
