Temperature,Humidity,CO2,Illumination,Time,Growth_rate
34.26095770380517,46.868450573850694,1045.038844779364,132.331878940011,18.71098814598352,1.3478762184904842
