Temperature,Humidity,CO2,Illumination,Time,Growth_rate
25.35934016221945,58.40617197590595,851.1835525033355,108.01783357365599,12.765967644755333,1.364446222837773
