Temperature,Humidity,CO2,Illumination,Time,Growth_rate
20.8503758388088,63.88814281473565,1035.489181040009,243.76631965255714,11.786426051490654,1.3644447969078022
