Temperature,Humidity,CO2,Illumination,Time,Growth_rate
27.495768074193823,48.2134657418001,977.8041579982404,124.22053489778715,10.48883276493368,1.8904762822340566
