Temperature,Humidity,CO2,Illumination,Time,Growth_rate
31.94667360402761,60.43765800717422,597.0485834774712,140.60631584837805,8.668533239219283,1.3478762184904842
