Temperature,Humidity,CO2,Illumination,Time,Growth_rate
32.47120639327155,54.6031128126778,1141.03152577429,244.0988100915511,8.445861862429524,1.3644447969078022
