Temperature,Humidity,CO2,Illumination,Time,Growth_rate
27.293522614093458,46.811578609470345,931.4536541389002,234.10947409362927,11.047103879912036,1.3645523100578507
