Temperature,Humidity,CO2,Illumination,Time,Growth_rate
28.973718084023798,48.27591322965112,458.63771118630314,144.0055547328455,14.27380796801204,1.3478762184904842
