Temperature,Humidity,CO2,Illumination,Time,Growth_rate
30.330427309082786,63.94376586560715,941.3214679762289,135.4328050459069,11.624679968878512,1.4158258440851483
