Temperature,Humidity,CO2,Illumination,Time,Growth_rate
26.257094099936953,62.48542985091697,1148.5679099584017,123.34474836234322,12.278650585320772,1.3644446395985026
