Temperature,Humidity,CO2,Illumination,Time,Growth_rate
25.086994290065533,47.62934663904519,1025.8065432352419,182.94047671264406,8.217657214715699,1.3644445435345771
