Temperature,Humidity,CO2,Illumination,Time,Growth_rate
34.05404659746631,68.33238350432083,557.3896691303843,224.29467823909147,17.822795180840725,1.3478762184904842
