Temperature,Humidity,CO2,Illumination,Time,Growth_rate
22.283178718761008,78.73419176086848,817.8562324477408,214.2491828714536,17.31346633308738,1.3478762184904842
