Temperature,Humidity,CO2,Illumination,Time,Growth_rate
20.0,45.0,1197.7254523559109,104.54898232593824,8.0,1.832751824629099
