Temperature,Humidity,CO2,Illumination,Time,Growth_rate
30.163405465188738,49.846920968378285,1166.9500142499978,135.10698072489302,10.723586635374584,1.3665728682561349
