Temperature,Humidity,CO2,Illumination,Time,Growth_rate
29.160414594527417,68.45467286370078,1021.0927517772407,110.5200739680285,13.955457935574461,0.013333333333333357
