Temperature,Humidity,CO2,Illumination,Time,Growth_rate
28.949233122435672,50.73559683676612,955.3216543731553,126.55477672271684,9.594270610302027,2.4310083788689134
