Temperature,Humidity,CO2,Illumination,Time,Growth_rate
32.1319909962198,49.1886314861605,988.8580812515355,150.6592064829033,13.019842625296278,1.3950939377316536
