Temperature,Humidity,CO2,Illumination,Time,Growth_rate
30.58702351676271,48.664390499750034,1053.491514008179,162.66409321193146,10.221593239516274,1.3650394466373175
